{
    "A200-100 BD-500-1A10":{
        "Fuel\/Available Seat Distance":0.0281065029,
        "Fuel\/Revenue Seat Distance":0.0326805764,
        "Fuel\/Available Weight Distance":0.0002357714,
        "Fuel\/Revenue Weight Distance":0.0003598991,
        "Number of flights performed":94317.0,
        "Revenue PAX Miles":13491128780.5536022186
    },
    "A220-300 BD-500-1A11":{
        "Fuel\/Available Seat Distance":0.0276389979,
        "Fuel\/Revenue Seat Distance":0.0339541108,
        "Fuel\/Available Weight Distance":0.0002280758,
        "Fuel\/Revenue Weight Distance":0.0003739651,
        "Number of flights performed":155043.0,
        "Revenue PAX Miles":28566485345.2366104126
    },
    "Airbus Industrie A319":{
        "Fuel\/Available Seat Distance":0.0305499049,
        "Fuel\/Revenue Seat Distance":0.0369095055,
        "Fuel\/Available Weight Distance":0.000277491,
        "Fuel\/Revenue Weight Distance":0.0004052467,
        "Number of flights performed":924647.0,
        "Revenue PAX Miles":124409717999.0818634033
    },
    "Airbus Industrie A320-100\/200":{
        "Fuel\/Available Seat Distance":0.025310707,
        "Fuel\/Revenue Seat Distance":0.0309883193,
        "Fuel\/Available Weight Distance":0.0002425525,
        "Fuel\/Revenue Weight Distance":0.0003408254,
        "Number of flights performed":1396880.0,
        "Revenue PAX Miles":289229173360.7696533203
    },
    "Airbus Industrie A320-200n":{
        "Fuel\/Available Seat Distance":0.0178802753,
        "Fuel\/Revenue Seat Distance":0.0229834758,
        "Fuel\/Available Weight Distance":0.0001970963,
        "Fuel\/Revenue Weight Distance":0.0002533495,
        "Number of flights performed":542949.0,
        "Revenue PAX Miles":120402195630.6343841553
    },
    "Airbus Industrie A321-200n":{
        "Fuel\/Available Seat Distance":0.0163242656,
        "Fuel\/Revenue Seat Distance":0.0199549559,
        "Fuel\/Available Weight Distance":0.0001418667,
        "Fuel\/Revenue Weight Distance":0.0002188945,
        "Number of flights performed":561295.0,
        "Revenue PAX Miles":256863500516.1899719238
    },
    "Airbus Industrie A321\/Lr":{
        "Fuel\/Available Seat Distance":0.0221169173,
        "Fuel\/Revenue Seat Distance":0.026638582,
        "Fuel\/Available Weight Distance":0.0002013061,
        "Fuel\/Revenue Weight Distance":0.0002928485,
        "Number of flights performed":1363219.0,
        "Revenue PAX Miles":407007915943.7491455078
    },
    "Airbus Industrie A330-200":{
        "Fuel\/Available Seat Distance":0.0315288652,
        "Fuel\/Revenue Seat Distance":0.0381161137,
        "Fuel\/Available Weight Distance":0.0001772256,
        "Fuel\/Revenue Weight Distance":0.0003410285,
        "Number of flights performed":50502.0,
        "Revenue PAX Miles":60712290423.6456985474
    },
    "Airbus Industrie A330-300\/333":{
        "Fuel\/Available Seat Distance":0.0289113422,
        "Fuel\/Revenue Seat Distance":0.0338439814,
        "Fuel\/Available Weight Distance":0.0001721231,
        "Fuel\/Revenue Weight Distance":0.0003040977,
        "Number of flights performed":41262.0,
        "Revenue PAX Miles":65721225325.8147888184
    },
    "Airbus Industrie A330-900":{
        "Fuel\/Available Seat Distance":0.024474552,
        "Fuel\/Revenue Seat Distance":0.0301683812,
        "Fuel\/Available Weight Distance":0.0001566913,
        "Fuel\/Revenue Weight Distance":0.0002733055,
        "Number of flights performed":33929.0,
        "Revenue PAX Miles":58548527203.2122879028
    },
    "Airbus Industrie A350-900":{
        "Fuel\/Available Seat Distance":0.0239352252,
        "Fuel\/Revenue Seat Distance":0.028117218,
        "Fuel\/Available Weight Distance":0.0001789262,
        "Fuel\/Revenue Weight Distance":0.0002462751,
        "Number of flights performed":33190.0,
        "Revenue PAX Miles":71010382008.7411193848
    },
    "B787-800 Dreamliner":{
        "Fuel\/Available Seat Distance":0.0287398447,
        "Fuel\/Revenue Seat Distance":0.0354301898,
        "Fuel\/Available Weight Distance":0.0001753324,
        "Fuel\/Revenue Weight Distance":0.0002992695,
        "Number of flights performed":56918.0,
        "Revenue PAX Miles":76031556612.549118042
    },
    "B787-900 Dreamliner":{
        "Fuel\/Available Seat Distance":0.0257769863,
        "Fuel\/Revenue Seat Distance":0.0303684375,
        "Fuel\/Available Weight Distance":0.0001493649,
        "Fuel\/Revenue Weight Distance":0.0002508048,
        "Number of flights performed":65261.0,
        "Revenue PAX Miles":118526807256.4097290039
    },
    "Boeing 717-200":{
        "Fuel\/Available Seat Distance":0.0462481745,
        "Fuel\/Revenue Seat Distance":0.0575941542,
        "Fuel\/Available Weight Distance":0.0003959536,
        "Fuel\/Revenue Weight Distance":0.0006295618,
        "Number of flights performed":434337.0,
        "Revenue PAX Miles":24026765739.2421112061
    },
    "Boeing 737-700\/700LR\/Max 7":{
        "Fuel\/Available Seat Distance":0.0341414873,
        "Fuel\/Revenue Seat Distance":0.0413023503,
        "Fuel\/Available Weight Distance":0.0003010014,
        "Fuel\/Revenue Weight Distance":0.0004524014,
        "Number of flights performed":1762485.0,
        "Revenue PAX Miles":228639516507.7689819336
    },
    "Boeing 737-800":{
        "Fuel\/Available Seat Distance":0.0229966147,
        "Fuel\/Revenue Seat Distance":0.0286639078,
        "Fuel\/Available Weight Distance":0.0002067685,
        "Fuel\/Revenue Weight Distance":0.0003136146,
        "Number of flights performed":2559556.0,
        "Revenue PAX Miles":542229654400.055480957
    },
    "Boeing 737-900":{
        "Fuel\/Available Seat Distance":0.0237760689,
        "Fuel\/Revenue Seat Distance":0.0298312974,
        "Fuel\/Available Weight Distance":0.0002323902,
        "Fuel\/Revenue Weight Distance":0.000327594,
        "Number of flights performed":65374.0,
        "Revenue PAX Miles":14859930003.7605133057
    },
    "Boeing 737-900ER":{
        "Fuel\/Available Seat Distance":0.022838661,
        "Fuel\/Revenue Seat Distance":0.0265952702,
        "Fuel\/Available Weight Distance":0.0001936393,
        "Fuel\/Revenue Weight Distance":0.0002908407,
        "Number of flights performed":1057932.0,
        "Revenue PAX Miles":294680153376.1198120117
    },
    "Boeing 747-400":{
        "Fuel\/Available Seat Distance":3.8985744577,
        "Fuel\/Revenue Seat Distance":19.4538392056,
        "Fuel\/Available Weight Distance":0.0001179027,
        "Fuel\/Revenue Weight Distance":0.0002973721,
        "Number of flights performed":12733.0,
        "Revenue PAX Miles":393465609.6940799952
    },
    "Boeing 757-200":{
        "Fuel\/Available Seat Distance":0.0274432338,
        "Fuel\/Revenue Seat Distance":0.0315320503,
        "Fuel\/Available Weight Distance":0.0002322652,
        "Fuel\/Revenue Weight Distance":0.0003434677,
        "Number of flights performed":335335.0,
        "Revenue PAX Miles":101792929999.3056030273
    },
    "Boeing 757-300":{
        "Fuel\/Available Seat Distance":0.0246666125,
        "Fuel\/Revenue Seat Distance":0.0299666474,
        "Fuel\/Available Weight Distance":0.0002148446,
        "Fuel\/Revenue Weight Distance":0.0003239685,
        "Number of flights performed":72317.0,
        "Revenue PAX Miles":35547340987.0656051636
    },
    "Boeing 767-300\/300ER":{
        "Fuel\/Available Seat Distance":0.072935074,
        "Fuel\/Revenue Seat Distance":0.9049548103,
        "Fuel\/Available Weight Distance":0.0001673312,
        "Fuel\/Revenue Weight Distance":0.0003922638,
        "Number of flights performed":109649.0,
        "Revenue PAX Miles":92794278633.0151824951
    },
    "Boeing 767-400\/ER":{
        "Fuel\/Available Seat Distance":0.0302921344,
        "Fuel\/Revenue Seat Distance":0.0357000445,
        "Fuel\/Available Weight Distance":0.0001839848,
        "Fuel\/Revenue Weight Distance":0.0003201564,