{
    "A200-100 BD-500-1A10":{
        "Fuel\/Available Seat Distance":0.0280198705,
        "Fuel\/Revenue Seat Distance":0.0334589297,
        "Fuel\/Available Weight Distance":0.0002350516,
        "Fuel\/Revenue Weight Distance":0.0003684659,
        "Number of flights performed":112008.0,
        "Revenue PAX Miles":15148681426.809217453
    },
    "A220-300 BD-500-1A11":{
        "Fuel\/Available Seat Distance":0.0286438035,
        "Fuel\/Revenue Seat Distance":0.0346553902,
        "Fuel\/Available Weight Distance":0.0002364928,
        "Fuel\/Revenue Weight Distance":0.000381764,
        "Number of flights performed":219465.0,
        "Revenue PAX Miles":38124345455.5772171021
    },
    "Airbus Industrie A319":{
        "Fuel\/Available Seat Distance":0.0315899405,
        "Fuel\/Revenue Seat Distance":0.038773787,
        "Fuel\/Available Weight Distance":0.000278259,
        "Fuel\/Revenue Weight Distance":0.000425457,
        "Number of flights performed":910489.0,
        "Revenue PAX Miles":115565436666.6750793457
    },
    "Airbus Industrie A320-100\/200":{
        "Fuel\/Available Seat Distance":0.0266848947,
        "Fuel\/Revenue Seat Distance":0.0336151521,
        "Fuel\/Available Weight Distance":0.00024813,
        "Fuel\/Revenue Weight Distance":0.0003658347,
        "Number of flights performed":1248668.0,
        "Revenue PAX Miles":247164831177.6568603516
    },
    "Airbus Industrie A320-200n":{
        "Fuel\/Available Seat Distance":0.0182657557,
        "Fuel\/Revenue Seat Distance":0.0234558308,
        "Fuel\/Available Weight Distance":0.0002013455,
        "Fuel\/Revenue Weight Distance":0.0002585563,
        "Number of flights performed":428874.0,
        "Revenue PAX Miles":93040936239.4744415283
    },
    "Airbus Industrie A321-200n":{
        "Fuel\/Available Seat Distance":0.0178166018,
        "Fuel\/Revenue Seat Distance":0.0223431093,
        "Fuel\/Available Weight Distance":0.0001532931,
        "Fuel\/Revenue Weight Distance":0.0002449191,
        "Number of flights performed":788475.0,
        "Revenue PAX Miles":326323512567.2713012695
    },
    "Airbus Industrie A321\/Lr":{
        "Fuel\/Available Seat Distance":0.0221706826,
        "Fuel\/Revenue Seat Distance":0.027161836,
        "Fuel\/Available Weight Distance":0.0002021455,
        "Fuel\/Revenue Weight Distance":0.0002985747,
        "Number of flights performed":1259206.0,
        "Revenue PAX Miles":370991226743.1786499023
    },
    "Airbus Industrie A330-200":{
        "Fuel\/Available Seat Distance":0.0314038067,
        "Fuel\/Revenue Seat Distance":0.0389289237,
        "Fuel\/Available Weight Distance":0.0001770211,
        "Fuel\/Revenue Weight Distance":0.0003568856,
        "Number of flights performed":48939.0,
        "Revenue PAX Miles":56832751165.7664031982
    },
    "Airbus Industrie A330-300\/333":{
        "Fuel\/Available Seat Distance":0.0281373634,
        "Fuel\/Revenue Seat Distance":0.033740971,
        "Fuel\/Available Weight Distance":0.0001760053,
        "Fuel\/Revenue Weight Distance":0.0003173204,
        "Number of flights performed":40498.0,
        "Revenue PAX Miles":64870014544.5496368408
    },
    "Airbus Industrie A330-900":{
        "Fuel\/Available Seat Distance":0.0247308996,
        "Fuel\/Revenue Seat Distance":0.0295718273,
        "Fuel\/Available Weight Distance":0.0001581082,
        "Fuel\/Revenue Weight Distance":0.0002742421,
        "Number of flights performed":44757.0,
        "Revenue PAX Miles":75879706446.0483856201
    },
    "Airbus Industrie A350-900":{
        "Fuel\/Available Seat Distance":0.0263880071,
        "Fuel\/Revenue Seat Distance":0.0322035458,
        "Fuel\/Available Weight Distance":0.0001836388,
        "Fuel\/Revenue Weight Distance":0.0002766151,
        "Number of flights performed":36936.0,
        "Revenue PAX Miles":82886206553.2131958008
    },
    "B787-800 Dreamliner":{
        "Fuel\/Available Seat Distance":0.0276287257,
        "Fuel\/Revenue Seat Distance":0.0321512018,
        "Fuel\/Available Weight Distance":0.000171471,
        "Fuel\/Revenue Weight Distance":0.0002862909,
        "Number of flights performed":55779.0,
        "Revenue PAX Miles":76117047508.5926513672
    },
    "B787-900 Dreamliner":{
        "Fuel\/Available Seat Distance":0.0265228463,
        "Fuel\/Revenue Seat Distance":0.0313582795,
        "Fuel\/Available Weight Distance":0.0001522285,
        "Fuel\/Revenue Weight Distance":0.0002616975,
        "Number of flights performed":76567.0,
        "Revenue PAX Miles":139667017393.44921875
    },
    "Boeing 717-200":{
        "Fuel\/Available Seat Distance":0.0462219626,
        "Fuel\/Revenue Seat Distance":0.0573341621,
        "Fuel\/Available Weight Distance":0.0003951341,
        "Fuel\/Revenue Weight Distance":0.0006268654,
        "Number of flights performed":425184.0,
        "Revenue PAX Miles":22026971147.0181121826
    },
    "Boeing 737-700\/700LR\/Max 7":{
        "Fuel\/Available Seat Distance":0.0284158081,
        "Fuel\/Revenue Seat Distance":0.0358235802,
        "Fuel\/Available Weight Distance":0.000253922,
        "Fuel\/Revenue Weight Distance":0.0003917191,
        "Number of flights performed":1533634.0,
        "Revenue PAX Miles":192770687319.2939758301
    },
    "Boeing 737-800":{
        "Fuel\/Available Seat Distance":0.0227048157,
        "Fuel\/Revenue Seat Distance":0.0283949182,
        "Fuel\/Available Weight Distance":0.0002048973,
        "Fuel\/Revenue Weight Distance":0.0003112148,
        "Number of flights performed":2474631.0,
        "Revenue PAX Miles":513199419889.1029052734
    },
    "Boeing 737-900":{
        "Fuel\/Available Seat Distance":0.0254135293,
        "Fuel\/Revenue Seat Distance":0.0328037957,
        "Fuel\/Available Weight Distance":0.0002501553,
        "Fuel\/Revenue Weight Distance":0.0003602014,
        "Number of flights performed":40503.0,
        "Revenue PAX Miles":8974012578.4108810425
    },
    "Boeing 737-900ER":{
        "Fuel\/Available Seat Distance":0.0227817202,
        "Fuel\/Revenue Seat Distance":0.0269655924,
        "Fuel\/Available Weight Distance":0.0001937184,
        "Fuel\/Revenue Weight Distance":0.0002953534,
        "Number of flights performed":1058590.0,
        "Revenue PAX Miles":279908502497.1164550781
    },
    "Boeing 747-400":{
        "Fuel\/Available Seat Distance":0.0318902258,
        "Fuel\/Revenue Seat Distance":0.230358955,
        "Fuel\/Available Weight Distance":0.0001838424,
        "Fuel\/Revenue Weight Distance":0.0003927035,
        "Number of flights performed":1967.0,
        "Revenue PAX Miles":387512259.9955199957
    },
    "Boeing 757-200":{
        "Fuel\/Available Seat Distance":0.0265422981,
        "Fuel\/Revenue Seat Distance":0.0313740617,
        "Fuel\/Available Weight Distance":0.0002241652,
        "Fuel\/Revenue Weight Distance":0.0003404599,
        "Number of flights performed":298866.0,
        "Revenue PAX Miles":93651485192.724105835
    },
    "Boeing 757-300":{
        "Fuel\/Available Seat Distance":0.0245755227,
        "Fuel\/Revenue Seat Distance":0.0340665115,
        "Fuel\/Available Weight Distance":0.0002233628,
        "Fuel\/Revenue Weight Distance":0.0003660638,
        "Number of flights performed":71763.0,
        "Revenue PAX Miles":32767384649.2439079285
    },
    "Boeing 767-300\/300ER":{
        "Fuel\/Available Seat Distance":0.0352254425,
        "Fuel\/Revenue Seat Distance":0.1147291169,
        "Fuel\/Available Weight Distance":0.0001783676,
        "Fuel\/Revenue Weight Distance":0.0004062128,
        "Number of flights performed":103685.0,
        "Revenue PAX Miles":88999435411.3497619629
    },
    "Boeing 767-400\/ER":{
        "Fuel\/Available Seat Distance":0.0394298336,
        "Fuel\/Revenue Seat Distance":0.053640758,
        "Fuel\/Available Weight Distance":0.0001904692,
        "Fuel\/Revenue Weight Distance":0.0003726478,