{
    "Airbus Industrie A319":{
        "Fuel\/Available Seat Distance":0.0280759817,
        "Fuel\/Revenue Seat Distance":0.0332765204,
        "Fuel\/Available Weight Distance":0.0002628625,
        "Fuel\/Revenue Weight Distance":0.0003643492,
        "Number of flights performed":1443951.0,
        "Revenue PAX km":235765496843.3825378418
    },
    "Airbus Industrie A320-100\/200":{
        "Fuel\/Available Seat Distance":0.0273164687,
        "Fuel\/Revenue Seat Distance":0.0327450062,
        "Fuel\/Available Weight Distance":0.0002582758,
        "Fuel\/Revenue Weight Distance":0.0003595984,
        "Number of flights performed":2065767.0,
        "Revenue PAX km":466634666956.4490356445
    },
    "Airbus Industrie A320-200n":{
        "Fuel\/Available Seat Distance":0.0248513568,
        "Fuel\/Revenue Seat Distance":0.0309749674,
        "Fuel\/Available Weight Distance":0.0002739393,
        "Fuel\/Revenue Weight Distance":0.0003414406,
        "Number of flights performed":84393.0,
        "Revenue PAX km":22709278632.9404144287
    },
    "Airbus Industrie A321-200n":{
        "Fuel\/Available Seat Distance":0.1303318554,
        "Fuel\/Revenue Seat Distance":0.1919765817,
        "Fuel\/Available Weight Distance":0.0010637634,
        "Fuel\/Revenue Weight Distance":0.0021143804,
        "Number of flights performed":29193.0,
        "Revenue PAX km":13847322871.565568924
    },
    "Airbus Industrie A321\/Lr":{
        "Fuel\/Available Seat Distance":0.0216330751,
        "Fuel\/Revenue Seat Distance":0.0256046508,
        "Fuel\/Available Weight Distance":0.0002011108,
        "Fuel\/Revenue Weight Distance":0.000280792,
        "Number of flights performed":1430554.0,
        "Revenue PAX km":474657308387.6532592773
    },
    "Airbus Industrie A330-200":{
        "Fuel\/Available Seat Distance":0.0299646616,
        "Fuel\/Revenue Seat Distance":0.0369349725,
        "Fuel\/Available Weight Distance":0.0001642642,
        "Fuel\/Revenue Weight Distance":0.0003236263,
        "Number of flights performed":93295.0,
        "Revenue PAX km":111476443055.8648376465
    },
    "Airbus Industrie A330-300\/333":{
        "Fuel\/Available Seat Distance":0.0297743551,
        "Fuel\/Revenue Seat Distance":0.0373642084,
        "Fuel\/Available Weight Distance":0.0001931658,
        "Fuel\/Revenue Weight Distance":0.0003492401,
        "Number of flights performed":68945.0,
        "Revenue PAX km":110939107368.0003967285
    },
    "Airbus Industrie A350-900":{
        "Fuel\/Available Seat Distance":0.027059602,
        "Fuel\/Revenue Seat Distance":0.0314862942,
        "Fuel\/Available Weight Distance":0.0001945493,
        "Fuel\/Revenue Weight Distance":0.0002859505,
        "Number of flights performed":11763.0,
        "Revenue PAX km":31877843206.2140197754
    },
    "B787-800 Dreamliner":{
        "Fuel\/Available Seat Distance":0.0289471962,
        "Fuel\/Revenue Seat Distance":0.0345060274,
        "Fuel\/Available Weight Distance":0.0001683745,
        "Fuel\/Revenue Weight Distance":0.0002758392,
        "Number of flights performed":47489.0,
        "Revenue PAX km":62481155801.9109191895
    },
    "B787-900 Dreamliner":{
        "Fuel\/Available Seat Distance":0.0262780182,
        "Fuel\/Revenue Seat Distance":0.0341132577,
        "Fuel\/Available Weight Distance":0.0001441541,
        "Fuel\/Revenue Weight Distance":0.0002517433,
        "Number of flights performed":54288.0,
        "Revenue PAX km":110555671006.6490936279
    },
    "Boeing 717-200":{
        "Fuel\/Available Seat Distance":0.0409777529,
        "Fuel\/Revenue Seat Distance":0.0521785302,
        "Fuel\/Available Weight Distance":0.0003404246,
        "Fuel\/Revenue Weight Distance":0.0005692142,
        "Number of flights performed":679954.0,
        "Revenue PAX km":46265803418.5459213257
    },
    "Boeing 737-700\/700LR\/Max 7":{
        "Fuel\/Available Seat Distance":0.0539964455,
        "Fuel\/Revenue Seat Distance":0.0641660162,
        "Fuel\/Available Weight Distance":0.0004508362,
        "Fuel\/Revenue Weight Distance":0.0006986369,
        "Number of flights performed":3380714.0,
        "Revenue PAX km":435153122330.0152587891
    },
    "Boeing 737-800":{
        "Fuel\/Available Seat Distance":0.0225537834,
        "Fuel\/Revenue Seat Distance":0.0271829109,
        "Fuel\/Available Weight Distance":0.0002013872,
        "Fuel\/Revenue Weight Distance":0.0002945562,
        "Number of flights performed":3139853.0,
        "Revenue PAX km":780276067292.8236083984
    },
    "Boeing 737-900":{
        "Fuel\/Available Seat Distance":0.0563620609,
        "Fuel\/Revenue Seat Distance":0.067383428,
        "Fuel\/Available Weight Distance":0.0005670147,
        "Fuel\/Revenue Weight Distance":0.000735425,
        "Number of flights performed":138612.0,
        "Revenue PAX km":36378462983.7911071777
    },
    "Boeing 737-900ER":{
        "Fuel\/Available Seat Distance":0.0243301889,
        "Fuel\/Revenue Seat Distance":0.0278517917,
        "Fuel\/Available Weight Distance":0.0002058084,
        "Fuel\/Revenue Weight Distance":0.0003017399,
        "Number of flights performed":1126132.0,
        "Revenue PAX km":364989740344.0865478516
    },
    "Boeing 747-400":{
        "Fuel\/Available Seat Distance":10.1588080832,
        "Fuel\/Revenue Seat Distance":2033.8402009262,
        "Fuel\/Available Weight Distance":0.0001017135,
        "Fuel\/Revenue Weight Distance":0.0004150789,
        "Number of flights performed":22708.0,
        "Revenue PAX km":1028052376.7120640278
    },
    "Boeing 757-200":{
        "Fuel\/Available Seat Distance":0.0273798223,
        "Fuel\/Revenue Seat Distance":0.0325029959,
        "Fuel\/Available Weight Distance":0.0002185568,
        "Fuel\/Revenue Weight Distance":0.0003469351,
        "Number of flights performed":535421.0,
        "Revenue PAX km":229723123247.8491210938
    },
    "Boeing 757-300":{
        "Fuel\/Available Seat Distance":0.0368964529,
        "Fuel\/Revenue Seat Distance":0.0530946558,
        "Fuel\/Available Weight Distance":0.000323444,
        "Fuel\/Revenue Weight Distance":0.0005629661,
        "Number of flights performed":101091.0,
        "Revenue PAX km":52523403469.1688995361
    },
    "Boeing 767-200\/ER\/EM":{
        "Fuel\/Available Seat Distance":0.1868159367,
        "Fuel\/Revenue Seat Distance":2.7166740792,
        "Fuel\/Available Weight Distance":0.0000960142,
        "Fuel\/Revenue Weight Distance":0.0007860483,
        "Number of flights performed":12294.0,
        "Revenue PAX km":18101986.6072320007
    },
    "Boeing 767-300\/300ER":{
        "Fuel\/Available Seat Distance":0.0313165478,
        "Fuel\/Revenue Seat Distance":0.0626917982,
        "Fuel\/Available Weight Distance":0.0001720002,
        "Fuel\/Revenue Weight Distance":0.000338769,
        "Number of flights performed":210475.0,
        "Revenue PAX km":205875651110.2283630371
    },
    "Boeing 767-400\/ER":{
        "Fuel\/Available Seat Distance":0.0295467777,
        "Fuel\/Revenue Seat Distance":0.036125105,
        "Fuel\/Available Weight Distance":0.0001837061,
        "Fuel\/Revenue Weight Distance":0.0003185571,
        "Number of flights performed":63239.0,
        "Revenue PAX km":77268924677.8944091797
    },
    "Boeing 777-200ER\/200LR\/233LR":{
        "Fuel\/Available Seat Distance":0.0310588626,
        "Fuel\/Revenue Seat Distance":0.0377233965,
        "Fuel\/Available Weight Distance":0.000191297,
        "Fuel\/Revenue Weight Distance":0.0003052989,
        "Number of flights performed":203055.0,
        "Revenue PAX km":338038138903.246887207
    },
    "Boeing 777-300\/300ER\/333ER":{
        "Fuel\/Available Seat Distance":0.0332504371,
        "Fuel\/Revenue Seat Distance":0.0422981264,
        "Fuel\/Available Weight Distance":0.0001777444,
        "Fuel\/Revenue Weight Distance":0.0003267726,
        "Number of flights performed":48291.0,