{
    "Airbus Industrie A-318":{
        "Fuel\/Available Seat Distance":0.0316621427,
        "Fuel\/Revenue Seat Distance":0.0343432568,
        "Fuel\/Available Weight Distance":0.0002737554,
        "Fuel\/Revenue Weight Distance":0.0003780159,
        "Number of flights captured":4881.0,
        "Revenue PAX km":641951023.7733120918,
        "Average trip distance":1365.3297213914,
        "Average trip flight time":1.9015158206,
        "Freight and mail transported":null,
        "Average PAX per flight":102.7179007057,
        "Total Fuel Consumption":7309448.985096016
    },
    "Airbus Industrie A319":{
        "Fuel\/Available Seat Distance":0.0293221686,
        "Fuel\/Revenue Seat Distance":0.0357434596,
        "Fuel\/Available Weight Distance":0.0002570918,
        "Fuel\/Revenue Weight Distance":0.00039006,
        "Number of flights captured":1272375.0,
        "Revenue PAX km":184693784708.264831543,
        "Average trip distance":1803.0089787697,
        "Average trip flight time":2.5007427854,
        "Freight and mail transported":145.7476523591,
        "Average PAX per flight":99.9746359193,
        "Total Fuel Consumption":2165814216.7772421837
    },
    "Airbus Industrie A320-100\/200":{
        "Fuel\/Available Seat Distance":0.0241016619,
        "Fuel\/Revenue Seat Distance":0.0286540557,
        "Fuel\/Available Weight Distance":0.0002187217,
        "Fuel\/Revenue Weight Distance":0.000313294,
        "Number of flights captured":1790436.0,
        "Revenue PAX km":431746501940.3923339844,
        "Average trip distance":1860.8433943906,
        "Average trip flight time":2.5813639131,
        "Freight and mail transported":162.8852396391,
        "Average PAX per flight":121.6258773686,
        "Total Fuel Consumption":4334273077.1447639465
    },
    "Airbus Industrie A321\/Lr":{
        "Fuel\/Available Seat Distance":0.0201567087,
        "Fuel\/Revenue Seat Distance":0.023278309,
        "Fuel\/Available Weight Distance":0.0001863388,
        "Fuel\/Revenue Weight Distance":0.0002547348,
        "Number of flights captured":334911.0,
        "Revenue PAX km":100702700245.3950805664,
        "Average trip distance":1881.0928612063,
        "Average trip flight time":2.5885242731,
        "Freight and mail transported":194.6977708979,
        "Average PAX per flight":169.5047550868,
        "Total Fuel Consumption":926625996.1637815237
    },
    "Airbus Industrie A330-200":{
        "Fuel\/Available Seat Distance":0.0298311863,
        "Fuel\/Revenue Seat Distance":0.0369592683,
        "Fuel\/Available Weight Distance":0.0001742569,
        "Fuel\/Revenue Weight Distance":0.0003482851,
        "Number of flights captured":77772.0,
        "Revenue PAX km":103622547894.7000427246,
        "Average trip distance":4979.6896445559,
        "Average trip flight time":6.1675504271,
        "Freight and mail transported":4740.4550919057,
        "Average PAX per flight":204.2063940897,
        "Total Fuel Consumption":1108742917.089145422
    },
    "Airbus Industrie A330-300\/333":{
        "Fuel\/Available Seat Distance":0.0273879148,
        "Fuel\/Revenue Seat Distance":0.042388533,
        "Fuel\/Available Weight Distance":0.0001840055,
        "Fuel\/Revenue Weight Distance":0.0003904198,
        "Number of flights captured":35156.0,
        "Revenue PAX km":60114039018.2956848145,
        "Average trip distance":5617.1198264789,
        "Average trip flight time":6.8916003029,
        "Freight and mail transported":6591.8069362563,
        "Average PAX per flight":210.9652620982,
        "Total Fuel Consumption":620509186.8225544691
    },
    "B787-800 Dreamliner":{
        "Fuel\/Available Seat Distance":0.031225821,
        "Fuel\/Revenue Seat Distance":0.0374712394,
        "Fuel\/Available Weight Distance":0.0001731917,
        "Fuel\/Revenue Weight Distance":0.0003476829,
        "Number of flights captured":8139.0,
        "Revenue PAX km":8301430940.8631048203,
        "Average trip distance":6399.7363559136,
        "Average trip flight time":7.4444650007,
        "Freight and mail transported":3582.9352390493,
        "Average PAX per flight":185.4980485482,
        "Total Fuel Consumption":93485407.5101719797
    },
    "Boeing 717-200":{
        "Fuel\/Available Seat Distance":0.0568652853,
        "Fuel\/Revenue Seat Distance":0.0701335769,
        "Fuel\/Available Weight Distance":0.0005030119,
        "Fuel\/Revenue Weight Distance":0.000766782,
        "Number of flights captured":619898.0,
        "Revenue PAX km":47838801641.2035903931,
        "Average trip distance":627.5295256812,
        "Average trip flight time":1.0486206121,
        "Freight and mail transported":80.0429683426,
        "Average PAX per flight":93.3191342629,
        "Total Fuel Consumption":95337082.907449916
    },
    "Boeing 737-300":{
        "Fuel\/Available Seat Distance":0.0219520131,
        "Fuel\/Revenue Seat Distance":0.0286534747,
        "Fuel\/Available Weight Distance":0.0002074135,
        "Fuel\/Revenue Weight Distance":0.0003118852,
        "Number of flights captured":734260.0,
        "Revenue PAX km":69955143260.6442260742,
        "Average trip distance":963.4384848533,
        "Average trip flight time":1.4394455731,
        "Freight and mail transported":null,
        "Average PAX per flight":107.324927274,
        "Total Fuel Consumption":669500314.4777005911
    },
    "Boeing 737-400":{
        "Fuel\/Available Seat Distance":0.0372046004,
        "Fuel\/Revenue Seat Distance":0.0471330586,
        "Fuel\/Available Weight Distance":0.0002770821,
        "Fuel\/Revenue Weight Distance":0.0004420839,
        "Number of flights captured":253152.0,
        "Revenue PAX km":28967715589.1143684387,
        "Average trip distance":1108.3155855331,
        "Average trip flight time":1.6290528073,
        "Freight and mail transported":864.5889952791,
        "Average PAX per flight":101.3128027513,
        "Total Fuel Consumption":391432719.9525594115
    },
    "Boeing 737-500":{
        "Fuel\/Available Seat Distance":0.0382780679,
        "Fuel\/Revenue Seat Distance":0.0514070311,
        "Fuel\/Available Weight Distance":0.0003488359,
        "Fuel\/Revenue Weight Distance":0.0005593413,
        "Number of flights captured":130356.0,
        "Revenue PAX km":6982894899.5477762222,
        "Average trip distance":886.9608840605,
        "Average trip flight time":1.3574066701,
        "Freight and mail transported":111.6452921682,
        "Average PAX per flight":82.9889732111,
        "Total Fuel Consumption":121051623.8831560463
    },
    "Boeing 737-700\/700LR\/Max 7":{
        "Fuel\/Available Seat Distance":0.0277774061,
        "Fuel\/Revenue Seat Distance":0.0343767587,
        "Fuel\/Available Weight Distance":0.0002385719,
        "Fuel\/Revenue Weight Distance":0.0003731353,
        "Number of flights captured":2695455.0,
        "Revenue PAX km":376315690347.7551879883,
        "Average trip distance":1867.7061590548,
        "Average trip flight time":2.5800058844,
        "Freight and mail transported":160.3993967325,
        "Average PAX per flight":98.5797674318,
        "Total Fuel Consumption":3962917157.132455349
    },
    "Boeing 737-800":{
        "Fuel\/Available Seat Distance":0.0240576427,
        "Fuel\/Revenue Seat Distance":0.0291861123,
        "Fuel\/Available Weight Distance":0.0002079876,
        "Fuel\/Revenue Weight Distance":0.0003144685,
        "Number of flights captured":1897492.0,
        "Revenue PAX km":505019668474.0120849609,
        "Average trip distance":1954.7744877563,
        "Average trip flight time":2.6610441692,
        "Freight and mail transported":268.239261266,
        "Average PAX per flight":120.8732249185,
        "Total Fuel Consumption":4886878439.2823352814
    },
    "Boeing 737-900":{
        "Fuel\/Available Seat Distance":0.0238111949,
        "Fuel\/Revenue Seat Distance":0.0276444628,