{
    "A200-100 BD-500-1A10":{
        "Fuel\/Available Seat Distance":0.0276487346,
        "Fuel\/Revenue Seat Distance":0.0326939833,
        "Fuel\/Available Weight Distance":0.0002319108,
        "Fuel\/Revenue Weight Distance":0.0003594811,
        "Number of flights performed":174629.0,
        "Revenue PAX km":24344017944.466178894
    },
    "A220-300 BD-500-1A11":{
        "Fuel\/Available Seat Distance":0.0269391086,
        "Fuel\/Revenue Seat Distance":0.0322524248,
        "Fuel\/Available Weight Distance":0.0002221641,
        "Fuel\/Revenue Weight Distance":0.0003550838,
        "Number of flights performed":124513.0,
        "Revenue PAX km":24965955882.4135704041
    },
    "Airbus Industrie A319":{
        "Fuel\/Available Seat Distance":0.0301541537,
        "Fuel\/Revenue Seat Distance":0.036121786,
        "Fuel\/Available Weight Distance":0.0002734281,
        "Fuel\/Revenue Weight Distance":0.0003963194,
        "Number of flights performed":1340309.0,
        "Revenue PAX km":185071955926.9109802246
    },
    "Airbus Industrie A320-100\/200":{
        "Fuel\/Available Seat Distance":0.0251050735,
        "Fuel\/Revenue Seat Distance":0.0307879961,
        "Fuel\/Available Weight Distance":0.0002383582,
        "Fuel\/Revenue Weight Distance":0.0003381509,
        "Number of flights performed":1931809.0,
        "Revenue PAX km":402003340746.4293212891
    },
    "Airbus Industrie A320-200n":{
        "Fuel\/Available Seat Distance":0.0176923234,
        "Fuel\/Revenue Seat Distance":0.0222680971,
        "Fuel\/Available Weight Distance":0.0001950245,
        "Fuel\/Revenue Weight Distance":0.0002454638,
        "Number of flights performed":710232.0,
        "Revenue PAX km":180523593092.7348632812
    },
    "Airbus Industrie A321-200n":{
        "Fuel\/Available Seat Distance":0.0173353864,
        "Fuel\/Revenue Seat Distance":0.0217893421,
        "Fuel\/Available Weight Distance":0.0001494842,
        "Fuel\/Revenue Weight Distance":0.0002391649,
        "Number of flights performed":526629.0,
        "Revenue PAX km":252789973145.3986816406
    },
    "Airbus Industrie A321\/Lr":{
        "Fuel\/Available Seat Distance":0.0215332946,
        "Fuel\/Revenue Seat Distance":0.0259722273,
        "Fuel\/Available Weight Distance":0.0001953539,
        "Fuel\/Revenue Weight Distance":0.0002856691,
        "Number of flights performed":1829254.0,
        "Revenue PAX km":542003535956.2729492188
    },
    "Airbus Industrie A330-200":{
        "Fuel\/Available Seat Distance":0.0305555478,
        "Fuel\/Revenue Seat Distance":0.0401652421,
        "Fuel\/Available Weight Distance":0.0001752881,
        "Fuel\/Revenue Weight Distance":0.0003595747,
        "Number of flights performed":65992.0,
        "Revenue PAX km":79368533855.6267547607
    },
    "Airbus Industrie A330-300\/333":{
        "Fuel\/Available Seat Distance":0.027280752,
        "Fuel\/Revenue Seat Distance":0.0316934675,
        "Fuel\/Available Weight Distance":0.0001719919,
        "Fuel\/Revenue Weight Distance":0.000300761,
        "Number of flights performed":53127.0,
        "Revenue PAX km":85895924535.5777282715
    },
    "Airbus Industrie A330-900":{
        "Fuel\/Available Seat Distance":0.0246007505,
        "Fuel\/Revenue Seat Distance":0.0295004843,
        "Fuel\/Available Weight Distance":0.0001580769,
        "Fuel\/Revenue Weight Distance":0.0002800446,
        "Number of flights performed":36178.0,
        "Revenue PAX km":61630284265.5329360962
    },
    "Airbus Industrie A350-900":{
        "Fuel\/Available Seat Distance":0.0239821255,
        "Fuel\/Revenue Seat Distance":0.0288428102,
        "Fuel\/Available Weight Distance":0.0001778281,
        "Fuel\/Revenue Weight Distance":0.0002578035,
        "Number of flights performed":36790.0,
        "Revenue PAX km":81281283060.6881256104
    },
    "B787-800 Dreamliner":{
        "Fuel\/Available Seat Distance":0.0266501389,
        "Fuel\/Revenue Seat Distance":0.0314508776,
        "Fuel\/Available Weight Distance":0.000168987,
        "Fuel\/Revenue Weight Distance":0.0002742392,
        "Number of flights performed":74814.0,
        "Revenue PAX km":98584575898.0769348145
    },
    "B787-900 Dreamliner":{
        "Fuel\/Available Seat Distance":0.0254950965,
        "Fuel\/Revenue Seat Distance":0.0297377292,
        "Fuel\/Available Weight Distance":0.0001481989,
        "Fuel\/Revenue Weight Distance":0.0002530007,
        "Number of flights performed":86272.0,
        "Revenue PAX km":155339816829.056640625
    },
    "Boeing 717-200":{
        "Fuel\/Available Seat Distance":0.0467989104,
        "Fuel\/Revenue Seat Distance":0.059355132,
        "Fuel\/Available Weight Distance":0.0004008178,
        "Fuel\/Revenue Weight Distance":0.0006483607,
        "Number of flights performed":560709.0,
        "Revenue PAX km":30628465406.4407081604
    },
    "Boeing 737-700\/700LR\/Max 7":{
        "Fuel\/Available Seat Distance":0.0307627076,
        "Fuel\/Revenue Seat Distance":0.0371919687,
        "Fuel\/Available Weight Distance":0.0002741578,
        "Fuel\/Revenue Weight Distance":0.0004060881,
        "Number of flights performed":2447359.0,
        "Revenue PAX km":303034214301.1350097656
    },
    "Boeing 737-800":{
        "Fuel\/Available Seat Distance":0.0240702562,
        "Fuel\/Revenue Seat Distance":0.0296372872,
        "Fuel\/Available Weight Distance":0.0002158624,
        "Fuel\/Revenue Weight Distance":0.0003236165,
        "Number of flights performed":3321283.0,
        "Revenue PAX km":680790062772.0531005859
    },
    "Boeing 737-900":{
        "Fuel\/Available Seat Distance":0.0235053857,
        "Fuel\/Revenue Seat Distance":0.0283943028,
        "Fuel\/Available Weight Distance":0.0002276898,
        "Fuel\/Revenue Weight Distance":0.0003116041,
        "Number of flights performed":95587.0,
        "Revenue PAX km":21274566589.4192657471
    },
    "Boeing 737-900ER":{
        "Fuel\/Available Seat Distance":0.0228657552,
        "Fuel\/Revenue Seat Distance":0.0264158184,
        "Fuel\/Available Weight Distance":0.0001936726,
        "Fuel\/Revenue Weight Distance":0.0002880044,
        "Number of flights performed":1342184.0,
        "Revenue PAX km":395563000701.7117919922
    },
    "Boeing 747-400":{
        "Fuel\/Available Seat Distance":21.9368912512,
        "Fuel\/Revenue Seat Distance":3142.613034511,
        "Fuel\/Available Weight Distance":0.0001141045,
        "Fuel\/Revenue Weight Distance":0.0003819186,
        "Number of flights performed":62836.0,
        "Revenue PAX km":626417627.4385920763
    },
    "Boeing 757-200":{
        "Fuel\/Available Seat Distance":0.0274302883,
        "Fuel\/Revenue Seat Distance":0.0322397596,
        "Fuel\/Available Weight Distance":0.0002278708,
        "Fuel\/Revenue Weight Distance":0.000350145,
        "Number of flights performed":445309.0,
        "Revenue PAX km":131687546249.7239074707
    },
    "Boeing 757-300":{
        "Fuel\/Available Seat Distance":0.0288245309,
        "Fuel\/Revenue Seat Distance":0.036000392,
        "Fuel\/Available Weight Distance":0.0002541187,
        "Fuel\/Revenue Weight Distance":0.0003891307,
        "Number of flights performed":104330.0,
        "Revenue PAX km":49200085660.4294433594
    },
    "Boeing 767-300\/300ER":{
        "Fuel\/Available Seat Distance":0.0709143382,
        "Fuel\/Revenue Seat Distance":0.3992959187,
        "Fuel\/Available Weight Distance":0.0002575862,
        "Fuel\/Revenue Weight Distance":0.0010931238,
        "Number of flights performed":145799.0,
        "Revenue PAX km":129191712457.6615753174
    },
    "Boeing 767-400\/ER":{
        "Fuel\/Available Seat Distance":0.0363915506,
        "Fuel\/Revenue Seat Distance":0.0445527859,
        "Fuel\/Available Weight Distance":0.0002257066,
        "Fuel\/Revenue Weight Distance":0.0004150501,
        "Number of flights performed":58902.0,