{
    "A200-100 BD-500-1A10":{
        "Fuel\/Available Seat Distance":0.0277051021,
        "Fuel\/Revenue Seat Distance":0.0325544052,
        "Fuel\/Available Weight Distance":0.000232419,
        "Fuel\/Revenue Weight Distance":0.0003560444,
        "Number of flights captured":60067.0,
        "Revenue PAX km":8537270749.3877773285,
        "Average trip distance":1545.5027706591,
        "Average trip flight time":2.2339515077,
        "Freight and mail transported":65.8312512413
    },
    "Airbus Industrie A319":{
        "Fuel\/Available Seat Distance":0.0307688789,
        "Fuel\/Revenue Seat Distance":0.0438297161,
        "Fuel\/Available Weight Distance":0.0002922656,
        "Fuel\/Revenue Weight Distance":0.0004809191,
        "Number of flights captured":1526504.0,
        "Revenue PAX km":242835162075.5005493164,
        "Average trip distance":1670.8540178041,
        "Average trip flight time":2.3207798704,
        "Freight and mail transported":106.1910747558
    },
    "Airbus Industrie A320-100\/200":{
        "Fuel\/Available Seat Distance":0.0267302103,
        "Fuel\/Revenue Seat Distance":0.0319629703,
        "Fuel\/Available Weight Distance":0.0002485078,
        "Fuel\/Revenue Weight Distance":0.0003509803,
        "Number of flights captured":2144012.0,
        "Revenue PAX km":470977202385.6895141602,
        "Average trip distance":1745.6660178134,
        "Average trip flight time":2.4245555056,
        "Freight and mail transported":83.011804592
    },
    "Airbus Industrie A320-200n":{
        "Fuel\/Available Seat Distance":0.0215767569,
        "Fuel\/Revenue Seat Distance":0.0270304631,
        "Fuel\/Available Weight Distance":0.000237843,
        "Fuel\/Revenue Weight Distance":0.0002979598,
        "Number of flights captured":251292.0,
        "Revenue PAX km":66888690876.2983703613,
        "Average trip distance":1967.978170442,
        "Average trip flight time":2.6985618463,
        "Freight and mail transported":null
    },
    "Airbus Industrie A321-200n":{
        "Fuel\/Available Seat Distance":0.0188187304,
        "Fuel\/Revenue Seat Distance":0.0222161382,
        "Fuel\/Available Weight Distance":0.0001573663,
        "Fuel\/Revenue Weight Distance":0.0002432682,
        "Number of flights captured":58254.0,
        "Revenue PAX km":32110923717.2021789551,
        "Average trip distance":2886.3212541146,
        "Average trip flight time":3.7764896738,
        "Freight and mail transported":139.4090857435
    },
    "Airbus Industrie A321\/Lr":{
        "Fuel\/Available Seat Distance":0.0218832984,
        "Fuel\/Revenue Seat Distance":0.0254945892,
        "Fuel\/Available Weight Distance":0.000203601,
        "Fuel\/Revenue Weight Distance":0.0002799985,
        "Number of flights captured":1615433.0,
        "Revenue PAX km":537343950962.3581542969,
        "Average trip distance":1990.7533398731,
        "Average trip flight time":2.7329335866,
        "Freight and mail transported":150.4227661157
    },
    "Airbus Industrie A330-200":{
        "Fuel\/Available Seat Distance":0.0304612612,
        "Fuel\/Revenue Seat Distance":0.0394581826,
        "Fuel\/Available Weight Distance":0.0001657313,
        "Fuel\/Revenue Weight Distance":0.0003537994,
        "Number of flights captured":95239.0,
        "Revenue PAX km":114882432927.0393676758,
        "Average trip distance":5083.1023573179,
        "Average trip flight time":6.2745820425,
        "Freight and mail transported":4279.5404128416
    },
    "Airbus Industrie A330-300\/333":{
        "Fuel\/Available Seat Distance":0.0286288988,
        "Fuel\/Revenue Seat Distance":0.0369823582,
        "Fuel\/Available Weight Distance":0.0001858203,
        "Fuel\/Revenue Weight Distance":0.0003551571,
        "Number of flights captured":67837.0,
        "Revenue PAX km":110604194286.0940856934,
        "Average trip distance":5083.9643313102,
        "Average trip flight time":6.2417029795,
        "Freight and mail transported":4505.3655643574
    },
    "Airbus Industrie A330-900":{
        "Fuel\/Available Seat Distance":0.0254154222,
        "Fuel\/Revenue Seat Distance":0.0280595296,
        "Fuel\/Available Weight Distance":0.0001633642,
        "Fuel\/Revenue Weight Distance":0.0002681797,
        "Number of flights captured":2043.0,
        "Revenue PAX km":4093577389.4526724815,
        "Average trip distance":6248.0711940329,
        "Average trip flight time":7.7294285026,
        "Freight and mail transported":3612.8401947694
    },
    "Airbus Industrie A350-900":{
        "Fuel\/Available Seat Distance":0.0272544367,
        "Fuel\/Revenue Seat Distance":0.0322915434,
        "Fuel\/Available Weight Distance":0.0001953378,
        "Fuel\/Revenue Weight Distance":0.0002735205,
        "Number of flights captured":17949.0,
        "Revenue PAX km":46186236611.1083526611,
        "Average trip distance":6348.4756565019,
        "Average trip flight time":7.497256312,
        "Freight and mail transported":7343.2458979873
    },
    "B787-800 Dreamliner":{
        "Fuel\/Available Seat Distance":0.027429779,
        "Fuel\/Revenue Seat Distance":0.0323419337,
        "Fuel\/Available Weight Distance":0.0001620997,
        "Fuel\/Revenue Weight Distance":0.0002750534,
        "Number of flights captured":53079.0,
        "Revenue PAX km":62996894846.4683532715,
        "Average trip distance":6102.8659883024,
        "Average trip flight time":7.1783071191,
        "Freight and mail transported":5241.9402951783
    },
    "B787-900 Dreamliner":{
        "Fuel\/Available Seat Distance":0.0248298477,
        "Fuel\/Revenue Seat Distance":0.029264373,
        "Fuel\/Available Weight Distance":0.0001367989,
        "Fuel\/Revenue Weight Distance":0.0002379668,
        "Number of flights captured":65448.0,
        "Revenue PAX km":131448483256.6921081543,
        "Average trip distance":7124.5871252458,
        "Average trip flight time":8.3083563182,
        "Freight and mail transported":7383.4891208739
    },
    "Boeing 717-200":{
        "Fuel\/Available Seat Distance":0.0410305469,
        "Fuel\/Revenue Seat Distance":0.0524292968,
        "Fuel\/Available Weight Distance":0.0003462312,
        "Fuel\/Revenue Weight Distance":0.0005719684,
        "Number of flights captured":659679.0,
        "Revenue PAX km":43487286123.9421463013,
        "Average trip distance":782.8435199516,
        "Average trip flight time":1.1873776356,
        "Freight and mail transported":92.0121192963
    },
    "Boeing 737-700\/700LR\/Max 7":{
        "Fuel\/Available Seat Distance":0.0289681243,
        "Fuel\/Revenue Seat Distance":0.0359953475,
        "Fuel\/Available Weight Distance":0.0002551799,
        "Fuel\/Revenue Weight Distance":0.0003899441,
        "Number of flights captured":3347093.0,
        "Revenue PAX km":431209075899.1276855469,
        "Average trip distance":1620.7317219805,
        "Average trip flight time":2.2501869656,
        "Freight and mail transported":168.735796627
    },
    "Boeing 737-800":{
        "Fuel\/Available Seat Distance":0.0234865762,
        "Fuel\/Revenue Seat Distance":0.0281828208,
        "Fuel\/Available Weight Distance":0.0002100718,
        "Fuel\/Revenue Weight Distance":0.0003064294,
        "Number of flights captured":3182946.0,
        "Revenue PAX km":775381270596.4259033203,
        "Average trip distance":1825.0061772125,
        "Average trip flight time":2.4881564694,
        "Freight and mail transported":177.2290625747
    },
    "Boeing 737-900":{
        "Fuel\/Available Seat Distance":0.0234849053,
        "Fuel\/Revenue Seat Distance":0.0276178372,
        "Fuel\/Available Weight Distance":0.0002297453,
        "Fuel\/Revenue Weight Distance":0.0003017912,
        "Number of flights captured":95574.0,
        "Revenue PAX km":22818633219.7781791687,
        "Average trip distance":1600.4602688668,
        "Average trip flight time":2.2042259268,