{
    "Airbus Industrie A319":{
        "Fuel\/Available Seat Distance":0.0280759817,
        "Fuel\/Revenue Seat Distance":0.0332765204,
        "Fuel\/Available Weight Distance":0.0002628625,
        "Fuel\/Revenue Weight Distance":0.0003643492,
        "Number of flights captured":1443951.0,
        "Revenue PAX km":235765496843.3825378418,
        "Average trip distance":1735.1913579797,
        "Average trip flight time":2.388109622,
        "Freight and mail transported":111.2330276021,
        "Average PAX per flight":111.3629965469
    },
    "Airbus Industrie A320-100\/200":{
        "Fuel\/Available Seat Distance":0.0273164687,
        "Fuel\/Revenue Seat Distance":0.0327450062,
        "Fuel\/Available Weight Distance":0.0002582758,
        "Fuel\/Revenue Weight Distance":0.0003595984,
        "Number of flights captured":2065767.0,
        "Revenue PAX km":466634666956.4490356445,
        "Average trip distance":1773.7196289763,
        "Average trip flight time":2.4468674712,
        "Freight and mail transported":88.9729557646,
        "Average PAX per flight":127.7802535189
    },
    "Airbus Industrie A320-200n":{
        "Fuel\/Available Seat Distance":0.0248513568,
        "Fuel\/Revenue Seat Distance":0.0309749674,
        "Fuel\/Available Weight Distance":0.0002739393,
        "Fuel\/Revenue Weight Distance":0.0003414406,
        "Number of flights captured":84393.0,
        "Revenue PAX km":22709278632.9404144287,
        "Average trip distance":2011.6433609718,
        "Average trip flight time":2.7632139139,
        "Freight and mail transported":null,
        "Average PAX per flight":150.4756358856
    },
    "Airbus Industrie A321-200n":{
        "Fuel\/Available Seat Distance":0.1303318554,
        "Fuel\/Revenue Seat Distance":0.1919765817,
        "Fuel\/Available Weight Distance":0.0010637634,
        "Fuel\/Revenue Weight Distance":0.0021143804,
        "Number of flights captured":29193.0,
        "Revenue PAX km":13847322871.565568924,
        "Average trip distance":3164.3131868561,
        "Average trip flight time":4.0842381396,
        "Freight and mail transported":115.8358773662,
        "Average PAX per flight":152.3489475246
    },
    "Airbus Industrie A321\/Lr":{
        "Fuel\/Available Seat Distance":0.0216330751,
        "Fuel\/Revenue Seat Distance":0.0256046508,
        "Fuel\/Available Weight Distance":0.0002011108,
        "Fuel\/Revenue Weight Distance":0.000280792,
        "Number of flights captured":1430554.0,
        "Revenue PAX km":474657308387.6532592773,
        "Average trip distance":1897.1479428586,
        "Average trip flight time":2.6071583051,
        "Freight and mail transported":167.7739032787,
        "Average PAX per flight":163.2142524808
    },
    "Airbus Industrie A330-200":{
        "Fuel\/Available Seat Distance":0.0299646616,
        "Fuel\/Revenue Seat Distance":0.0369349725,
        "Fuel\/Available Weight Distance":0.0001642642,
        "Fuel\/Revenue Weight Distance":0.0003236263,
        "Number of flights captured":93295.0,
        "Revenue PAX km":111476443055.8648376465,
        "Average trip distance":5376.602501151,
        "Average trip flight time":6.6405743108,
        "Freight and mail transported":4945.9022037567,
        "Average PAX per flight":198.2439925434
    },
    "Airbus Industrie A330-300\/333":{
        "Fuel\/Available Seat Distance":0.0297743551,
        "Fuel\/Revenue Seat Distance":0.0373642084,
        "Fuel\/Available Weight Distance":0.0001931658,
        "Fuel\/Revenue Weight Distance":0.0003492401,
        "Number of flights captured":68945.0,
        "Revenue PAX km":110939107368.0003967285,
        "Average trip distance":5185.345004411,
        "Average trip flight time":6.4087536044,
        "Freight and mail transported":4986.3236817137,
        "Average PAX per flight":232.0083412063
    },
    "Airbus Industrie A350-900":{
        "Fuel\/Available Seat Distance":0.027059602,
        "Fuel\/Revenue Seat Distance":0.0314862942,
        "Fuel\/Available Weight Distance":0.0001945493,
        "Fuel\/Revenue Weight Distance":0.0002859505,
        "Number of flights captured":11763.0,
        "Revenue PAX km":31877843206.2140197754,
        "Average trip distance":6524.50559723,
        "Average trip flight time":7.8126249033,
        "Freight and mail transported":6761.9823797872,
        "Average PAX per flight":262.6316361539
    },
    "B787-800 Dreamliner":{
        "Fuel\/Available Seat Distance":0.0289471962,
        "Fuel\/Revenue Seat Distance":0.0345060274,
        "Fuel\/Available Weight Distance":0.0001683745,
        "Fuel\/Revenue Weight Distance":0.0002758392,
        "Number of flights captured":47489.0,
        "Revenue PAX km":62481155801.9109191895,
        "Average trip distance":6459.1934493477,
        "Average trip flight time":7.5782703371,
        "Freight and mail transported":6743.6387558168,
        "Average PAX per flight":186.6216439858
    },
    "B787-900 Dreamliner":{
        "Fuel\/Available Seat Distance":0.0262780182,
        "Fuel\/Revenue Seat Distance":0.0341132577,
        "Fuel\/Available Weight Distance":0.0001441541,
        "Fuel\/Revenue Weight Distance":0.0002517433,
        "Number of flights captured":54288.0,
        "Revenue PAX km":110555671006.6490936279,
        "Average trip distance":7302.9275787722,
        "Average trip flight time":8.4908961566,
        "Freight and mail transported":9133.6089786874,
        "Average PAX per flight":212.9810595396
    },
    "Boeing 717-200":{
        "Fuel\/Available Seat Distance":0.0409777529,
        "Fuel\/Revenue Seat Distance":0.0521785302,
        "Fuel\/Available Weight Distance":0.0003404246,
        "Fuel\/Revenue Weight Distance":0.0005692142,
        "Number of flights captured":679954.0,
        "Revenue PAX km":46265803418.5459213257,
        "Average trip distance":798.7998736045,
        "Average trip flight time":1.2644646796,
        "Freight and mail transported":71.7345129527,
        "Average PAX per flight":85.7051862007
    },
    "Boeing 737-700\/700LR\/Max 7":{
        "Fuel\/Available Seat Distance":0.0539964455,
        "Fuel\/Revenue Seat Distance":0.0641660162,
        "Fuel\/Available Weight Distance":0.0004508362,
        "Fuel\/Revenue Weight Distance":0.0006986369,
        "Number of flights captured":3380714.0,
        "Revenue PAX km":435153122330.0152587891,
        "Average trip distance":1649.4085550746,
        "Average trip flight time":2.2766281416,
        "Freight and mail transported":178.6979829806,
        "Average PAX per flight":100.6014765048
    },
    "Boeing 737-800":{
        "Fuel\/Available Seat Distance":0.0225537834,
        "Fuel\/Revenue Seat Distance":0.0271829109,
        "Fuel\/Available Weight Distance":0.0002013872,
        "Fuel\/Revenue Weight Distance":0.0002945562,
        "Number of flights captured":3139853.0,
        "Revenue PAX km":780276067292.8236083984,
        "Average trip distance":1880.550534209,
        "Average trip flight time":2.5777531806,
        "Freight and mail transported":222.8506018752,
        "Average PAX per flight":124.6213969216
    },
    "Boeing 737-900":{
        "Fuel\/Available Seat Distance":0.0563620609,
        "Fuel\/Revenue Seat Distance":0.067383428,
        "Fuel\/Available Weight Distance":0.0005670147,
        "Fuel\/Revenue Weight Distance":0.000735425,
        "Number of flights captured":138612.0,
        "Revenue PAX km":36378462983.7911071777,
        "Average trip distance":1655.1836947523,
        "Average trip flight time":2.2809786273,
        "Freight and mail transported":171.4215337562,
        "Average PAX per flight":146.183933011
    },
    "Boeing 737-900ER":{
        "Fuel\/Available Seat Distance":0.0243301889,
        "Fuel\/Revenue Seat Distance":0.0278517917,
        "Fuel\/Available Weight Distance":0.0002058084,
        "Fuel\/Revenue Weight Distance":0.0003017399,
        "Number of flights captured":1126132.0,