{
    "A200-100 BD-500-1A10":{
        "Fuel\/Available Seat Distance":0.0280198705,
        "Fuel\/Revenue Seat Distance":0.0334589297,
        "Fuel\/Available Weight Distance":0.0002350516,
        "Fuel\/Revenue Weight Distance":0.0003684659,
        "Number of flights captured":112008.0,
        "Revenue PAX km":15148681426.809217453,
        "Average trip distance":1481.9424864086,
        "Average trip flight time":2.1619031249,
        "Freight and mail transported":13.0052572483,
        "Average PAX per flight":72.1723168415
    },
    "A220-300 BD-500-1A11":{
        "Fuel\/Available Seat Distance":0.0286438035,
        "Fuel\/Revenue Seat Distance":0.0346553902,
        "Fuel\/Available Weight Distance":0.0002364928,
        "Fuel\/Revenue Weight Distance":0.000381764,
        "Number of flights captured":219465.0,
        "Revenue PAX km":38124345455.5772171021,
        "Average trip distance":2095.0380351266,
        "Average trip flight time":3.0385472536,
        "Freight and mail transported":19.4653447297,
        "Average PAX per flight":96.8326169197
    },
    "Airbus Industrie A319":{
        "Fuel\/Available Seat Distance":0.0315899405,
        "Fuel\/Revenue Seat Distance":0.038773787,
        "Fuel\/Available Weight Distance":0.000278259,
        "Fuel\/Revenue Weight Distance":0.000425457,
        "Number of flights captured":910489.0,
        "Revenue PAX km":115565436666.6750793457,
        "Average trip distance":1378.7583353604,
        "Average trip flight time":1.9747422781,
        "Freight and mail transported":48.5416633704,
        "Average PAX per flight":97.9721966473
    },
    "Airbus Industrie A320-100\/200":{
        "Fuel\/Available Seat Distance":0.0266848947,
        "Fuel\/Revenue Seat Distance":0.0336151521,
        "Fuel\/Available Weight Distance":0.00024813,
        "Fuel\/Revenue Weight Distance":0.0003658347,
        "Number of flights captured":1248668.0,
        "Revenue PAX km":247164831177.6568603516,
        "Average trip distance":1576.3359214893,
        "Average trip flight time":2.2310204635,
        "Freight and mail transported":55.026553142,
        "Average PAX per flight":124.8357086271
    },
    "Airbus Industrie A320-200n":{
        "Fuel\/Available Seat Distance":0.0182657557,
        "Fuel\/Revenue Seat Distance":0.0234558308,
        "Fuel\/Available Weight Distance":0.0002013455,
        "Fuel\/Revenue Weight Distance":0.0002585563,
        "Number of flights captured":428874.0,
        "Revenue PAX km":93040936239.4744415283,
        "Average trip distance":1711.356111057,
        "Average trip flight time":2.4184747265,
        "Freight and mail transported":null,
        "Average PAX per flight":138.4688725961
    },
    "Airbus Industrie A321-200n":{
        "Fuel\/Available Seat Distance":0.0178166018,
        "Fuel\/Revenue Seat Distance":0.0223431093,
        "Fuel\/Available Weight Distance":0.0001532931,
        "Fuel\/Revenue Weight Distance":0.0002449191,
        "Number of flights captured":788475.0,
        "Revenue PAX km":326323512567.2713012695,
        "Average trip distance":2876.3107045181,
        "Average trip flight time":3.7892283303,
        "Freight and mail transported":185.980685639,
        "Average PAX per flight":154.4904826838
    },
    "Airbus Industrie A321\/Lr":{
        "Fuel\/Available Seat Distance":0.0221706826,
        "Fuel\/Revenue Seat Distance":0.027161836,
        "Fuel\/Available Weight Distance":0.0002021455,
        "Fuel\/Revenue Weight Distance":0.0002985747,
        "Number of flights captured":1259206.0,
        "Revenue PAX km":370991226743.1786499023,
        "Average trip distance":1918.0286018801,
        "Average trip flight time":2.6454567359,
        "Freight and mail transported":76.6353793854,
        "Average PAX per flight":158.9713661906
    },
    "Airbus Industrie A330-200":{
        "Fuel\/Available Seat Distance":0.0314038067,
        "Fuel\/Revenue Seat Distance":0.0389289237,
        "Fuel\/Available Weight Distance":0.0001770211,
        "Fuel\/Revenue Weight Distance":0.0003568856,
        "Number of flights captured":48939.0,
        "Revenue PAX km":56832751165.7664031982,
        "Average trip distance":5252.772818625,
        "Average trip flight time":6.4669361465,
        "Freight and mail transported":3594.438401306,
        "Average PAX per flight":186.6827897097
    },
    "Airbus Industrie A330-300\/333":{
        "Fuel\/Available Seat Distance":0.0281373634,
        "Fuel\/Revenue Seat Distance":0.033740971,
        "Fuel\/Available Weight Distance":0.0001760053,
        "Fuel\/Revenue Weight Distance":0.0003173204,
        "Number of flights captured":40498.0,
        "Revenue PAX km":64870014544.5496368408,
        "Average trip distance":5883.9495512269,
        "Average trip flight time":7.2115720704,
        "Freight and mail transported":4292.7714277976,
        "Average PAX per flight":212.1981669765
    },
    "Airbus Industrie A330-900":{
        "Fuel\/Available Seat Distance":0.0247308996,
        "Fuel\/Revenue Seat Distance":0.0295718273,
        "Fuel\/Available Weight Distance":0.0001581082,
        "Fuel\/Revenue Weight Distance":0.0002742421,
        "Number of flights captured":44757.0,
        "Revenue PAX km":75879706446.0483856201,
        "Average trip distance":6261.4338956861,
        "Average trip flight time":7.6490381006,
        "Freight and mail transported":4024.1577262216,
        "Average PAX per flight":215.354962637
    },
    "Airbus Industrie A350-900":{
        "Fuel\/Available Seat Distance":0.0263880071,
        "Fuel\/Revenue Seat Distance":0.0322035458,
        "Fuel\/Available Weight Distance":0.0001836388,
        "Fuel\/Revenue Weight Distance":0.0002766151,
        "Number of flights captured":36936.0,
        "Revenue PAX km":82886206553.2131958008,
        "Average trip distance":6963.0134799348,
        "Average trip flight time":8.1591384974,
        "Freight and mail transported":6950.7400421671,
        "Average PAX per flight":234.0839965705
    },
    "B787-800 Dreamliner":{
        "Fuel\/Available Seat Distance":0.0276287257,
        "Fuel\/Revenue Seat Distance":0.0321512018,
        "Fuel\/Available Weight Distance":0.000171471,
        "Fuel\/Revenue Weight Distance":0.0002862909,
        "Number of flights captured":55779.0,
        "Revenue PAX km":76117047508.5926513672,
        "Average trip distance":6161.3423881658,
        "Average trip flight time":7.2604731,
        "Freight and mail transported":4800.513426232,
        "Average PAX per flight":202.5368495358
    },
    "B787-900 Dreamliner":{
        "Fuel\/Available Seat Distance":0.0265228463,
        "Fuel\/Revenue Seat Distance":0.0313582795,
        "Fuel\/Available Weight Distance":0.0001522285,
        "Fuel\/Revenue Weight Distance":0.0002616975,
        "Number of flights captured":76567.0,
        "Revenue PAX km":139667017393.44921875,
        "Average trip distance":7015.2183124034,
        "Average trip flight time":8.2758043084,
        "Freight and mail transported":6843.0580533973,
        "Average PAX per flight":222.3283570613
    },
    "Boeing 717-200":{
        "Fuel\/Available Seat Distance":0.0462219626,
        "Fuel\/Revenue Seat Distance":0.0573341621,
        "Fuel\/Available Weight Distance":0.0003951341,
        "Fuel\/Revenue Weight Distance":0.0006268654,
        "Number of flights captured":425184.0,
        "Revenue PAX km":22026971147.0181121826,
        "Average trip distance":520.6854183421,
        "Average trip flight time":0.8654118726,
        "Freight and mail transported":67.3351714504,
        "Average PAX per flight":78.0487636288
    },
    "Boeing 737-700\/700LR\/Max 7":{
        "Fuel\/Available Seat Distance":0.0284158081,
        "Fuel\/Revenue Seat Distance":0.0358235802,
        "Fuel\/Available Weight Distance":0.000253922,
        "Fuel\/Revenue Weight Distance":0.0003917191,
        "Number of flights captured":1533634.0,