{
    "A200-100 BD-500-1A10":{
        "Fuel\/Available Seat Distance":0.0281065029,
        "Fuel\/Revenue Seat Distance":0.0326805764,
        "Fuel\/Available Weight Distance":0.0002357714,
        "Fuel\/Revenue Weight Distance":0.0003598991,
        "Number of flights captured":94317.0,
        "Revenue PAX km":13491128780.5536022186,
        "Average trip distance":1606.7791024353,
        "Average trip flight time":2.3358299167,
        "Freight and mail transported":13.3060464236,
        "Average PAX per flight":89.5815800142
    },
    "A220-300 BD-500-1A11":{
        "Fuel\/Available Seat Distance":0.0276389979,
        "Fuel\/Revenue Seat Distance":0.0339541108,
        "Fuel\/Available Weight Distance":0.0002280758,
        "Fuel\/Revenue Weight Distance":0.0003739651,
        "Number of flights captured":155043.0,
        "Revenue PAX km":28566485345.2366104126,
        "Average trip distance":1608.6600531938,
        "Average trip flight time":2.3099498604,
        "Freight and mail transported":28.1469105333,
        "Average PAX per flight":105.6380495083
    },
    "Airbus Industrie A319":{
        "Fuel\/Available Seat Distance":0.0305499049,
        "Fuel\/Revenue Seat Distance":0.0369095055,
        "Fuel\/Available Weight Distance":0.000277491,
        "Fuel\/Revenue Weight Distance":0.0004052467,
        "Number of flights captured":924647.0,
        "Revenue PAX km":124409717999.0818634033,
        "Average trip distance":1479.1516039375,
        "Average trip flight time":2.0988059258,
        "Freight and mail transported":51.6653638267,
        "Average PAX per flight":106.1784577706
    },
    "Airbus Industrie A320-100\/200":{
        "Fuel\/Available Seat Distance":0.025310707,
        "Fuel\/Revenue Seat Distance":0.0309883193,
        "Fuel\/Available Weight Distance":0.0002425525,
        "Fuel\/Revenue Weight Distance":0.0003408254,
        "Number of flights captured":1396880.0,
        "Revenue PAX km":289229173360.7696533203,
        "Average trip distance":1594.1457824099,
        "Average trip flight time":2.2371373302,
        "Freight and mail transported":43.8593849907,
        "Average PAX per flight":127.7140663012
    },
    "Airbus Industrie A320-200n":{
        "Fuel\/Available Seat Distance":0.0178802753,
        "Fuel\/Revenue Seat Distance":0.0229834758,
        "Fuel\/Available Weight Distance":0.0001970963,
        "Fuel\/Revenue Weight Distance":0.0002533495,
        "Number of flights captured":542949.0,
        "Revenue PAX km":120402195630.6343841553,
        "Average trip distance":1667.1959975354,
        "Average trip flight time":2.3332867501,
        "Freight and mail transported":null,
        "Average PAX per flight":143.1824256161
    },
    "Airbus Industrie A321-200n":{
        "Fuel\/Available Seat Distance":0.0163242656,
        "Fuel\/Revenue Seat Distance":0.0199549559,
        "Fuel\/Available Weight Distance":0.0001418667,
        "Fuel\/Revenue Weight Distance":0.0002188945,
        "Number of flights captured":561295.0,
        "Revenue PAX km":256863500516.1899719238,
        "Average trip distance":2916.4007370284,
        "Average trip flight time":3.7963715362,
        "Freight and mail transported":240.1252162773,
        "Average PAX per flight":157.9747970643
    },
    "Airbus Industrie A321\/Lr":{
        "Fuel\/Available Seat Distance":0.0221169173,
        "Fuel\/Revenue Seat Distance":0.026638582,
        "Fuel\/Available Weight Distance":0.0002013061,
        "Fuel\/Revenue Weight Distance":0.0002928485,
        "Number of flights captured":1363219.0,
        "Revenue PAX km":407007915943.7491455078,
        "Average trip distance":1905.8023291346,
        "Average trip flight time":2.6280004945,
        "Freight and mail transported":65.7199780705,
        "Average PAX per flight":160.9690158695
    },
    "Airbus Industrie A330-200":{
        "Fuel\/Available Seat Distance":0.0315288652,
        "Fuel\/Revenue Seat Distance":0.0381161137,
        "Fuel\/Available Weight Distance":0.0001772256,
        "Fuel\/Revenue Weight Distance":0.0003410285,
        "Number of flights captured":50502.0,
        "Revenue PAX km":60712290423.6456985474,
        "Average trip distance":5285.3602605781,
        "Average trip flight time":6.4838973135,
        "Freight and mail transported":4062.0517120764,
        "Average PAX per flight":195.1116745059
    },
    "Airbus Industrie A330-300\/333":{
        "Fuel\/Available Seat Distance":0.0289113422,
        "Fuel\/Revenue Seat Distance":0.0338439814,
        "Fuel\/Available Weight Distance":0.0001721231,
        "Fuel\/Revenue Weight Distance":0.0003040977,
        "Number of flights captured":41262.0,
        "Revenue PAX km":65721225325.8147888184,
        "Average trip distance":6023.3735619705,
        "Average trip flight time":7.3504443206,
        "Freight and mail transported":4369.1752517841,
        "Average PAX per flight":204.6284025076
    },
    "Airbus Industrie A330-900":{
        "Fuel\/Available Seat Distance":0.024474552,
        "Fuel\/Revenue Seat Distance":0.0301683812,
        "Fuel\/Available Weight Distance":0.0001566913,
        "Fuel\/Revenue Weight Distance":0.0002733055,
        "Number of flights captured":33929.0,
        "Revenue PAX km":58548527203.2122879028,
        "Average trip distance":6183.7394927937,
        "Average trip flight time":7.5836270314,
        "Freight and mail transported":3973.652913153,
        "Average PAX per flight":208.7709033234
    },
    "Airbus Industrie A350-900":{
        "Fuel\/Available Seat Distance":0.0239352252,
        "Fuel\/Revenue Seat Distance":0.028117218,
        "Fuel\/Available Weight Distance":0.0001789262,
        "Fuel\/Revenue Weight Distance":0.0002462751,
        "Number of flights captured":33190.0,
        "Revenue PAX km":71010382008.7411193848,
        "Average trip distance":6502.3308639604,
        "Average trip flight time":7.6952101428,
        "Freight and mail transported":6656.6641035622,
        "Average PAX per flight":247.4399960817
    },
    "B787-800 Dreamliner":{
        "Fuel\/Available Seat Distance":0.0287398447,
        "Fuel\/Revenue Seat Distance":0.0354301898,
        "Fuel\/Available Weight Distance":0.0001753324,
        "Fuel\/Revenue Weight Distance":0.0002992695,
        "Number of flights captured":56918.0,
        "Revenue PAX km":76031556612.549118042,
        "Average trip distance":6238.9426337008,
        "Average trip flight time":7.2907697717,
        "Freight and mail transported":5066.9687606647,
        "Average PAX per flight":189.16713535
    },
    "B787-900 Dreamliner":{
        "Fuel\/Available Seat Distance":0.0257769863,
        "Fuel\/Revenue Seat Distance":0.0303684375,
        "Fuel\/Available Weight Distance":0.0001493649,
        "Fuel\/Revenue Weight Distance":0.0002508048,
        "Number of flights captured":65261.0,
        "Revenue PAX km":118526807256.4097290039,
        "Average trip distance":6916.1672367292,
        "Average trip flight time":8.1106284479,
        "Freight and mail transported":7123.2539997269,
        "Average PAX per flight":231.636393026
    },
    "Boeing 717-200":{
        "Fuel\/Available Seat Distance":0.0462481745,
        "Fuel\/Revenue Seat Distance":0.0575941542,
        "Fuel\/Available Weight Distance":0.0003959536,
        "Fuel\/Revenue Weight Distance":0.0006295618,
        "Number of flights captured":434337.0,
        "Revenue PAX km":24026765739.2421112061,
        "Average trip distance":471.3684745875,
        "Average trip flight time":0.852611191,
        "Freight and mail transported":44.0241607941,
        "Average PAX per flight":76.8263413698
    },
    "Boeing 737-700\/700LR\/Max 7":{
        "Fuel\/Available Seat Distance":0.0341414873,
        "Fuel\/Revenue Seat Distance":0.0413023503,
        "Fuel\/Available Weight Distance":0.0003010014,
        "Fuel\/Revenue Weight Distance":0.0004524014,